<?xml version="1.0" encoding="UTF-8"?>
<project-private xmlns="http://www.netbeans.org/ns/project-private/1">
    <editor-bookmarks xmlns="http://www.netbeans.org/ns/editor-bookmarks/2" lastBookmarkId="0"/>
    <open-files xmlns="http://www.netbeans.org/ns/projectui-open-files/2">
        <group>
            <file>file:/F:/UniversityManagement/src/Semister.java</file>
            <file>file:/F:/UniversityManagement/src/universitymanagement/UniversityManagement.java</file>
            <file>file:/F:/UniversityManagement/src/Section.java</file>
            <file>file:/F:/UniversityManagement/src/Course.java</file>
            <file>file:/F:/UniversityManagement/src/Student.java</file>
        </group>
    </open-files>
</project-private>
